Ano,Encabezado,Cespe,Especie,Cintiauto,Cintientrega,Epocainicio,EpocaFin
2015,REPORTE DE LA FAUNA SILVESTRE DE LA TEMPORADA DE CAZA 2015-2016 DEL ESTADO DE SONORA,1,ANTILOPE ACUATICO,20,0,25/09/2015,24/09/2016
2016,REPORTE DE LA FAUNA SILVESTRE DE LA TEMPORADA DE CAZA 2016-2017 DEL ESTADO DE SONORA,1,ANTILOPE ACUATICO,20,0,09/09/2016,28/05/2017
2017,REPORTE DE LA FAUNA SILVESTRE DE LA TEMPORADA DE CAZA 2017-2018 DEL ESTADO DE SONORA,1,ANTILOPE ACUATICO,10,0,09/09/2017,28/05/2018
2018,REPORTE DE LA FAUNA SILVESTRE DE LA TEMPORADA DE CAZA 2018-2019 DEL ESTADO DE SONORA,1,ANTILOPE ACUATICO,20,0,28/05/2018,28/05/2019
2019,REPORTE DE LA FAUNA SILVESTRE DE LA TEMPORADA DE CAZA 2019-2020 DEL ESTADO DE SONORA,1,ANTILOPE ACUATICO,0,0,28/05/2019,28/05/2020
2020,REPORTE DE LA FAUNA SILVESTRE DE LA TEMPORADA DE CAZA 2020-2021 DEL ESTADO DE SONORA,1,ANTILOPE ACUATICO,0,0,28/05/2020,28/05/2021
2021,REPORTE DE LA FAUNA SILVESTRE DE LA TEMPORADA DE CAZA 2021-2022 DEL ESTADO DE SONORA,1,ANTILOPE ACUATICO,0,0,09/09/2021,28/05/2022
2022,REPORTE DE LA FAUNA SILVESTRE DE LA TEMPORADA DE CAZA 2022-2023 DEL ESTADO DE SONORA,1,ANTILOPE ACUATICO,0,0,09/09/2022,28/05/2023
2015,REPORTE DE LA FAUNA SILVESTRE DE LA TEMPORADA DE CAZA 2015-2016 DEL ESTADO DE SONORA,2,ANTILOPE CUELLO NEGRO,2,0,25/09/2015,24/09/2016
2016,REPORTE DE LA FAUNA SILVESTRE DE LA TEMPORADA DE CAZA 2016-2017 DEL ESTADO DE SONORA,2,ANTILOPE CUELLO NEGRO,2,0,09/09/2016,28/05/2017
2017,REPORTE DE LA FAUNA SILVESTRE DE LA TEMPORADA DE CAZA 2017-2018 DEL ESTADO DE SONORA,2,ANTILOPE CUELLO NEGRO,1,0,01/09/2017,28/03/2018
2018,REPORTE DE LA FAUNA SILVESTRE DE LA TEMPORADA DE CAZA 2018-2019 DEL ESTADO DE SONORA,2,ANTILOPE CUELLO NEGRO,1,0,01/09/2018,01/09/2018
2019,REPORTE DE LA FAUNA SILVESTRE DE LA TEMPORADA DE CAZA 2019-2020 DEL ESTADO DE SONORA,2,ANTILOPE CUELLO NEGRO,0,0,01/09/2019,01/09/2019
2020,REPORTE DE LA FAUNA SILVESTRE DE LA TEMPORADA DE CAZA 2020-2021 DEL ESTADO DE SONORA,2,ANTILOPE CUELLO NEGRO,0,0,01/09/2020,01/09/2020
2021,REPORTE DE LA FAUNA SILVESTRE DE LA TEMPORADA DE CAZA 2021-2022 DEL ESTADO DE SONORA,2,ANTILOPE CUELLO NEGRO,0,0,01/09/2021,01/09/2021
2022,REPORTE DE LA FAUNA SILVESTRE DE LA TEMPORADA DE CAZA 2022-2023 DEL ESTADO DE SONORA,2,ANTILOPE CUELLO NEGRO,0,0,01/09/2022,01/09/2022
2023,REPORTE DE LA FAUNA SILVESTRE DE LA TEMPORADA DE CAZA 2023-2024 DEL ESTADO DE SONORA,2,ANTILOPE CUELLO NEGRO,0,0,01/09/2023,01/09/2023
2015,REPORTE DE LA FAUNA SILVESTRE DE LA TEMPORADA DE CAZA 2015-2016 DEL ESTADO DE SONORA,3,ANTILOPE ELAND DEL CABO,30,0,25/09/2015,24/09/2016
2016,REPORTE DE LA FAUNA SILVESTRE DE LA TEMPORADA DE CAZA 2016-2017 DEL ESTADO DE SONORA,3,ANTILOPE ELAND DEL CABO,30,0,09/09/2016,28/05/2017
2017,REPORTE DE LA FAUNA SILVESTRE DE LA TEMPORADA DE CAZA 2017-2018 DEL ESTADO DE SONORA,3,ANTILOPE ELAND DEL CABO,34,0,01/09/2017,27/03/2018
2018,REPORTE DE LA FAUNA SILVESTRE DE LA TEMPORADA DE CAZA 2018-2019 DEL ESTADO DE SONORA,3,ANTILOPE ELAND DEL CABO,31,1,01/09/2018,01/09/2018
2019,REPORTE DE LA FAUNA SILVESTRE DE LA TEMPORADA DE CAZA 2019-2020 DEL ESTADO DE SONORA,3,ANTILOPE ELAND DEL CABO,0,0,01/09/2019,01/09/2019
2020,REPORTE DE LA FAUNA SILVESTRE DE LA TEMPORADA DE CAZA 2020-2021 DEL ESTADO DE SONORA,3,ANTILOPE ELAND DEL CABO,0,0,01/09/2020,01/09/2020
2021,REPORTE DE LA FAUNA SILVESTRE DE LA TEMPORADA DE CAZA 2021-2022 DEL ESTADO DE SONORA,3,ANTILOPE ELAND DEL CABO,0,0,01/09/2021,01/09/2021
2022,REPORTE DE LA FAUNA SILVESTRE DE LA TEMPORADA DE CAZA 2022-2023 DEL ESTADO DE SONORA,3,ANTILOPE ELAND DEL CABO,0,0,01/09/2022,01/09/2022
2023,REPORTE DE LA FAUNA SILVESTRE DE LA TEMPORADA DE CAZA 2023-2024 DEL ESTADO DE SONORA,3,ANTILOPE ELAND DEL CABO,0,0,01/09/2023,01/09/2023
2015,REPORTE DE LA FAUNA SILVESTRE DE LA TEMPORADA DE CAZA 2015-2016 DEL ESTADO DE SONORA,4,ANTILOPE NILGO,15,0,25/09/2015,24/09/2016
2016,REPORTE DE LA FAUNA SILVESTRE DE LA TEMPORADA DE CAZA 2016-2017 DEL ESTADO DE SONORA,4,ANTILOPE NILGO,15,0,09/09/2016,28/05/2017
2017,REPORTE DE LA FAUNA SILVESTRE DE LA TEMPORADA DE CAZA 2017-2018 DEL ESTADO DE SONORA,4,ANTILOPE NILGO,23,0,01/09/2017,27/05/2018
2018,REPORTE DE LA FAUNA SILVESTRE DE LA TEMPORADA DE CAZA 2018-2019 DEL ESTADO DE SONORA,4,ANTILOPE NILGO,15,0,01/09/2018,27/05/2019
2019,REPORTE DE LA FAUNA SILVESTRE DE LA TEMPORADA DE CAZA 2019-2020 DEL ESTADO DE SONORA,4,ANTILOPE NILGO,0,0,01/09/2019,27/05/2020
2020,REPORTE DE LA FAUNA SILVESTRE DE LA TEMPORADA DE CAZA 2020-2021 DEL ESTADO DE SONORA,4,ANTILOPE NILGO,0,0,01/09/2020,27/05/2021
2021,REPORTE DE LA FAUNA SILVESTRE DE LA TEMPORADA DE CAZA 2021-2022 DEL ESTADO DE SONORA,4,ANTILOPE NILGO,0,0,01/09/2021,27/05/2022
2022,REPORTE DE LA FAUNA SILVESTRE DE LA TEMPORADA DE CAZA 2022-2023 DEL ESTADO DE SONORA,4,ANTILOPE NILGO,0,0,01/09/2022,27/05/2023
2015,REPORTE DE LA FAUNA SILVESTRE DE LA TEMPORADA DE CAZA 2015-2016 DEL ESTADO DE SONORA,5,ANTILOPE ÑU AZUL,10,0,25/09/2015,24/09/2016
2016,REPORTE DE LA FAUNA SILVESTRE DE LA TEMPORADA DE CAZA 2016-2017 DEL ESTADO DE SONORA,5,ANTILOPE ÑU AZUL,10,0,09/09/2016,28/05/2017
2017,REPORTE DE LA FAUNA SILVESTRE DE LA TEMPORADA DE CAZA 2017-2018 DEL ESTADO DE SONORA,5,ANTILOPE ÑU AZUL,10,0,01/09/2017,27/05/2018
2018,REPORTE DE LA FAUNA SILVESTRE DE LA TEMPORADA DE CAZA 2018-2019 DEL ESTADO DE SONORA,5,ANTILOPE ÑU AZUL,10,0,01/09/2018,27/05/2019
2019,REPORTE DE LA FAUNA SILVESTRE DE LA TEMPORADA DE CAZA 2019-2020 DEL ESTADO DE SONORA,5,ANTILOPE ÑU AZUL,0,0,01/09/2019,27/05/2020
2020,REPORTE DE LA FAUNA SILVESTRE DE LA TEMPORADA DE CAZA 2020-2021 DEL ESTADO DE SONORA,5,ANTILOPE ÑU AZUL,0,0,01/09/2020,27/05/2021
2021,REPORTE DE LA FAUNA SILVESTRE DE LA TEMPORADA DE CAZA 2021-2022 DEL ESTADO DE SONORA,5,ANTILOPE ÑU AZUL,0,0,01/09/2021,27/05/2022
2022,REPORTE DE LA FAUNA SILVESTRE DE LA TEMPORADA DE CAZA 2022-2023 DEL ESTADO DE SONORA,5,ANTILOPE ÑU AZUL,0,0,01/09/2022,27/05/2023
2015,REPORTE DE LA FAUNA SILVESTRE DE LA TEMPORADA DE CAZA 2015-2016 DEL ESTADO DE SONORA,6,ANTILOPE ORIX CIMITARRA,50,0,25/09/2015,24/09/2016
2016,REPORTE DE LA FAUNA SILVESTRE DE LA TEMPORADA DE CAZA 2016-2017 DEL ESTADO DE SONORA,6,ANTILOPE ORIX CIMITARRA,45,5,09/09/2015,28/05/2016
2017,REPORTE DE LA FAUNA SILVESTRE DE LA TEMPORADA DE CAZA 2017-2018 DEL ESTADO DE SONORA,6,ANTILOPE ORIX CIMITARRA,49,10,01/09/2016,27/05/2017
2018,REPORTE DE LA FAUNA SILVESTRE DE LA TEMPORADA DE CAZA 2018-2019 DEL ESTADO DE SONORA,6,ANTILOPE ORIX CIMITARRA,59,4,01/09/2017,04/02/2018
2019,REPORTE DE LA FAUNA SILVESTRE DE LA TEMPORADA DE CAZA 2019-2020 DEL ESTADO DE SONORA,6,ANTILOPE ORIX CIMITARRA,15,0,01/09/2018,04/02/2019
2020,REPORTE DE LA FAUNA SILVESTRE DE LA TEMPORADA DE CAZA 2020-2021 DEL ESTADO DE SONORA,6,ANTILOPE ORIX CIMITARRA,0,0,01/09/2019,04/02/2020
2021,REPORTE DE LA FAUNA SILVESTRE DE LA TEMPORADA DE CAZA 2021-2022 DEL ESTADO DE SONORA,6,ANTILOPE ORIX CIMITARRA,0,0,01/09/2020,04/02/2021
2022,REPORTE DE LA FAUNA SILVESTRE DE LA TEMPORADA DE CAZA 2022-2023 DEL ESTADO DE SONORA,6,ANTILOPE ORIX CIMITARRA,0,0,01/09/2021,04/02/2022
2023,REPORTE DE LA FAUNA SILVESTRE DE LA TEMPORADA DE CAZA 2023-2024 DEL ESTADO DE SONORA,6,ANTILOPE ORIX CIMITARRA,0,0,01/09/2022,04/02/2023
2015,REPORTE DE LA FAUNA SILVESTRE DE LA TEMPORADA DE CAZA 2015-2016 DEL ESTADO DE SONORA,7,ANTILOPE SABLE,5,0,25/09/2015,24/09/2016
2016,REPORTE DE LA FAUNA SILVESTRE DE LA TEMPORADA DE CAZA 2016-2017 DEL ESTADO DE SONORA,7,ANTILOPE SABLE,5,0,09/09/2016,28/05/2017
2017,REPORTE DE LA FAUNA SILVESTRE DE LA TEMPORADA DE CAZA 2017-2018 DEL ESTADO DE SONORA,7,ANTILOPE SABLE,0,0,09/09/2017,28/05/2018
2018,REPORTE DE LA FAUNA SILVESTRE DE LA TEMPORADA DE CAZA 2018-2019 DEL ESTADO DE SONORA,7,ANTILOPE SABLE,8,0,09/09/2018,28/05/2019
2019,REPORTE DE LA FAUNA SILVESTRE DE LA TEMPORADA DE CAZA 2019-2020 DEL ESTADO DE SONORA,7,ANTILOPE SABLE,0,0,09/09/2019,28/05/2020
2020,REPORTE DE LA FAUNA SILVESTRE DE LA TEMPORADA DE CAZA 2020-2021 DEL ESTADO DE SONORA,7,ANTILOPE SABLE,0,0,09/09/2020,28/05/2021
2021,REPORTE DE LA FAUNA SILVESTRE DE LA TEMPORADA DE CAZA 2021-2022 DEL ESTADO DE SONORA,7,ANTILOPE SABLE,0,0,09/09/2021,28/05/2022
2022,REPORTE DE LA FAUNA SILVESTRE DE LA TEMPORADA DE CAZA 2022-2023 DEL ESTADO DE SONORA,7,ANTILOPE SABLE,0,0,09/09/2022,28/05/2023
2015,REPORTE DE LA FAUNA SILVESTRE DE LA TEMPORADA DE CAZA 2015-2016 DEL ESTADO DE SONORA,8,BISONTE AMERICANO,18,4,25/09/2014,24/09/2015
2016,REPORTE DE LA FAUNA SILVESTRE DE LA TEMPORADA DE CAZA 2016-2017 DEL ESTADO DE SONORA,8,BISONTE AMERICANO,18,5,09/09/2015,28/05/2016
2017,REPORTE DE LA FAUNA SILVESTRE DE LA TEMPORADA DE CAZA 2017-2018 DEL ESTADO DE SONORA,8,BISONTE AMERICANO,18,6,01/09/2016,27/05/2017
2018,REPORTE DE LA FAUNA SILVESTRE DE LA TEMPORADA DE CAZA 2018-2019 DEL ESTADO DE SONORA,8,BISONTE AMERICANO,18,12,01/09/2017,27/05/2018
2019,REPORTE DE LA FAUNA SILVESTRE DE LA TEMPORADA DE CAZA 2019-2020 DEL ESTADO DE SONORA,8,BISONTE AMERICANO,0,0,01/09/2018,27/05/2019
2020,REPORTE DE LA FAUNA SILVESTRE DE LA TEMPORADA DE CAZA 2020-2021 DEL ESTADO DE SONORA,8,BISONTE AMERICANO,0,0,01/09/2019,27/05/2020
2021,REPORTE DE LA FAUNA SILVESTRE DE LA TEMPORADA DE CAZA 2021-2022 DEL ESTADO DE SONORA,8,BISONTE AMERICANO,0,0,01/09/2020,27/05/2021
2022,REPORTE DE LA FAUNA SILVESTRE DE LA TEMPORADA DE CAZA 2022-2023 DEL ESTADO DE SONORA,8,BISONTE AMERICANO,0,0,01/09/2021,27/05/2022
2023,REPORTE DE LA FAUNA SILVESTRE DE LA TEMPORADA DE CAZA 2023-2024 DEL ESTADO DE SONORA,8,BISONTE AMERICANO,13,8,01/09/2022,27/05/2023
2015,REPORTE DE LA FAUNA SILVESTRE DE LA TEMPORADA DE CAZA 2015-2016 DEL ESTADO DE SONORA,9,BORREGO BERBERISCO,30,0,25/09/2015,24/09/2016
2016,REPORTE DE LA FAUNA SILVESTRE DE LA TEMPORADA DE CAZA 2016-2017 DEL ESTADO DE SONORA,9,BORREGO BERBERISCO,30,0,09/09/2016,28/05/2017
2017,REPORTE DE LA FAUNA SILVESTRE DE LA TEMPORADA DE CAZA 2017-2018 DEL ESTADO DE SONORA,9,BORREGO BERBERISCO,34,0,01/09/2017,27/05/2018
2018,REPORTE DE LA FAUNA SILVESTRE DE LA TEMPORADA DE CAZA 2018-2019 DEL ESTADO DE SONORA,9,BORREGO BERBERISCO,30,0,01/09/2018,27/05/2019
2019,REPORTE DE LA FAUNA SILVESTRE DE LA TEMPORADA DE CAZA 2019-2020 DEL ESTADO DE SONORA,9,BORREGO BERBERISCO,0,0,01/09/2019,27/05/2020
2020,REPORTE DE LA FAUNA SILVESTRE DE LA TEMPORADA DE CAZA 2020-2021 DEL ESTADO DE SONORA,9,BORREGO BERBERISCO,0,0,01/09/2020,27/05/2021
2021,REPORTE DE LA FAUNA SILVESTRE DE LA TEMPORADA DE CAZA 2021-2022 DEL ESTADO DE SONORA,9,BORREGO BERBERISCO,0,0,01/09/2021,27/05/2022
2022,REPORTE DE LA FAUNA SILVESTRE DE LA TEMPORADA DE CAZA 2022-2023 DEL ESTADO DE SONORA,9,BORREGO BERBERISCO,0,0,01/09/2022,27/05/2023
2015,REPORTE DE LA FAUNA SILVESTRE DE LA TEMPORADA DE CAZA 2015-2016 DEL ESTADO DE SONORA,10,BORREGO CIMARRON,64,62,06/11/2014,20/03/2015
2016,REPORTE DE LA FAUNA SILVESTRE DE LA TEMPORADA DE CAZA 2016-2017 DEL ESTADO DE SONORA,10,BORREGO CIMARRON,92,85,04/11/2015,19/03/2016
2017,REPORTE DE LA FAUNA SILVESTRE DE LA TEMPORADA DE CAZA 2017-2018 DEL ESTADO DE SONORA,10,BORREGO CIMARRON,85,82,01/12/2016,25/03/2017
2018,REPORTE DE LA FAUNA SILVESTRE DE LA TEMPORADA DE CAZA 2018-2019 DEL ESTADO DE SONORA,10,BORREGO CIMARRON,107,107,01/12/2017,25/03/2018
2019,REPORTE DE LA FAUNA SILVESTRE DE LA TEMPORADA DE CAZA 2019-2020 DEL ESTADO DE SONORA,10,BORREGO CIMARRON,106,106,01/12/2018,25/03/2019
2020,REPORTE DE LA FAUNA SILVESTRE DE LA TEMPORADA DE CAZA 2020-2021 DEL ESTADO DE SONORA,10,BORREGO CIMARRON,124,124,01/12/2019,25/03/2020
2021,REPORTE DE LA FAUNA SILVESTRE DE LA TEMPORADA DE CAZA 2021-2022 DEL ESTADO DE SONORA,10,BORREGO CIMARRON,100,97,01/12/2020,25/03/2021
2022,REPORTE DE LA FAUNA SILVESTRE DE LA TEMPORADA DE CAZA 2022-2023 DEL ESTADO DE SONORA,10,BORREGO CIMARRON,257,257,01/12/2021,25/03/2022
2023,REPORTE DE LA FAUNA SILVESTRE DE LA TEMPORADA DE CAZA 2023-2024 DEL ESTADO DE SONORA,10,BORREGO CIMARRON,194,194,01/12/2022,25/03/2023
2015,REPORTE DE LA FAUNA SILVESTRE DE LA TEMPORADA DE CAZA 2015-2016 DEL ESTADO DE SONORA,11,BORREGO CIMARRON-CONFINAMIENTO,138,94,06/11/2014,20/03/2015
2016,REPORTE DE LA FAUNA SILVESTRE DE LA TEMPORADA DE CAZA 2016-2017 DEL ESTADO DE SONORA,11,BORREGO CIMARRON-CONFINAMIENTO,148,91,04/11/2015,19/03/2016
2017,REPORTE DE LA FAUNA SILVESTRE DE LA TEMPORADA DE CAZA 2017-2018 DEL ESTADO DE SONORA,11,BORREGO CIMARRON-CONFINAMIENTO,95,95,04/11/2016,19/03/2017
2018,REPORTE DE LA FAUNA SILVESTRE DE LA TEMPORADA DE CAZA 2018-2019 DEL ESTADO DE SONORA,11,BORREGO CIMARRON-CONFINAMIENTO,115,115,04/11/2017,19/03/2018
2019,REPORTE DE LA FAUNA SILVESTRE DE LA TEMPORADA DE CAZA 2019-2020 DEL ESTADO DE SONORA,11,BORREGO CIMARRON-CONFINAMIENTO,100,100,04/11/2018,19/03/2019
2020,REPORTE DE LA FAUNA SILVESTRE DE LA TEMPORADA DE CAZA 2020-2021 DEL ESTADO DE SONORA,11,BORREGO CIMARRON-CONFINAMIENTO,118,118,04/11/2019,19/03/2020
2021,REPORTE DE LA FAUNA SILVESTRE DE LA TEMPORADA DE CAZA 2021-2022 DEL ESTADO DE SONORA,11,BORREGO CIMARRON-CONFINAMIENTO,86,86,04/11/2020,19/03/2021
2022,REPORTE DE LA FAUNA SILVESTRE DE LA TEMPORADA DE CAZA 2022-2023 DEL ESTADO DE SONORA,11,BORREGO CIMARRON-CONFINAMIENTO,0,0,04/11/2021,19/03/2022
2023,REPORTE DE LA FAUNA SILVESTRE DE LA TEMPORADA DE CAZA 2023-2024 DEL ESTADO DE SONORA,11,BORREGO CIMARRON-CONFINAMIENTO,0,0,04/11/2022,19/03/2023
2016,REPORTE DE LA FAUNA SILVESTRE DE LA TEMPORADA DE CAZA 2016-2017 DEL ESTADO DE SONORA,12,BORREGO DE BERBERIA,0,0,09/09/2016,28/05/2017
2015,REPORTE DE LA FAUNA SILVESTRE DE LA TEMPORADA DE CAZA 2015-2016 DEL ESTADO DE SONORA,13,BORREGO MUFLON,18,0,25/09/2015,24/09/2016
2016,REPORTE DE LA FAUNA SILVESTRE DE LA TEMPORADA DE CAZA 2016-2017 DEL ESTADO DE SONORA,13,BORREGO MUFLON,18,0,09/09/2016,28/05/2017
2017,REPORTE DE LA FAUNA SILVESTRE DE LA TEMPORADA DE CAZA 2017-2018 DEL ESTADO DE SONORA,13,BORREGO MUFLON,18,0,01/09/2017,27/05/2018
2018,REPORTE DE LA FAUNA SILVESTRE DE LA TEMPORADA DE CAZA 2018-2019 DEL ESTADO DE SONORA,13,BORREGO MUFLON,15,0,01/09/2018,27/05/2019
2019,REPORTE DE LA FAUNA SILVESTRE DE LA TEMPORADA DE CAZA 2019-2020 DEL ESTADO DE SONORA,13,BORREGO MUFLON,0,0,01/09/2019,27/05/2020
2020,REPORTE DE LA FAUNA SILVESTRE DE LA TEMPORADA DE CAZA 2020-2021 DEL ESTADO DE SONORA,13,BORREGO MUFLON,0,0,01/09/2020,27/05/2021
2021,REPORTE DE LA FAUNA SILVESTRE DE LA TEMPORADA DE CAZA 2021-2022 DEL ESTADO DE SONORA,13,BORREGO MUFLON,0,0,01/09/2021,27/05/2022
2022,REPORTE DE LA FAUNA SILVESTRE DE LA TEMPORADA DE CAZA 2022-2023 DEL ESTADO DE SONORA,13,BORREGO MUFLON,0,0,01/09/2022,27/05/2023
2015,REPORTE DE LA FAUNA SILVESTRE DE LA TEMPORADA DE CAZA 2015-2016 DEL ESTADO DE SONORA,14,BRANTA NEGRA,110,50,30/10/2014,28/02/2015
2016,REPORTE DE LA FAUNA SILVESTRE DE LA TEMPORADA DE CAZA 2016-2017 DEL ESTADO DE SONORA,14,BRANTA NEGRA,150,38,28/10/2015,26/02/2016
2017,REPORTE DE LA FAUNA SILVESTRE DE LA TEMPORADA DE CAZA 2017-2018 DEL ESTADO DE SONORA,14,BRANTA NEGRA,152,37,27/10/2016,25/02/2017
2018,REPORTE DE LA FAUNA SILVESTRE DE LA TEMPORADA DE CAZA 2018-2019 DEL ESTADO DE SONORA,14,BRANTA NEGRA,187,49,27/10/2017,25/02/2018
2019,REPORTE DE LA FAUNA SILVESTRE DE LA TEMPORADA DE CAZA 2019-2020 DEL ESTADO DE SONORA,14,BRANTA NEGRA,151,27,27/10/2018,25/02/2019
2020,REPORTE DE LA FAUNA SILVESTRE DE LA TEMPORADA DE CAZA 2020-2021 DEL ESTADO DE SONORA,14,BRANTA NEGRA,160,49,27/10/2019,25/02/2020
2021,REPORTE DE LA FAUNA SILVESTRE DE LA TEMPORADA DE CAZA 2021-2022 DEL ESTADO DE SONORA,14,BRANTA NEGRA,175,53,27/10/2020,25/02/2021
2022,REPORTE DE LA FAUNA SILVESTRE DE LA TEMPORADA DE CAZA 2022-2023 DEL ESTADO DE SONORA,14,BRANTA NEGRA,175,69,27/10/2021,25/02/2022
2023,REPORTE DE LA FAUNA SILVESTRE DE LA TEMPORADA DE CAZA 2023-2024 DEL ESTADO DE SONORA,14,BRANTA NEGRA,78,38,27/10/2022,25/02/2023
2015,REPORTE DE LA FAUNA SILVESTRE DE LA TEMPORADA DE CAZA 2015-2016 DEL ESTADO DE SONORA,15,CIERVO AXIS,27,0,25/09/2015,24/09/2016
2016,REPORTE DE LA FAUNA SILVESTRE DE LA TEMPORADA DE CAZA 2016-2017 DEL ESTADO DE SONORA,15,CIERVO AXIS,22,0,09/09/2016,28/05/2017
2017,REPORTE DE LA FAUNA SILVESTRE DE LA TEMPORADA DE CAZA 2017-2018 DEL ESTADO DE SONORA,15,CIERVO AXIS,22,0,01/09/2017,27/05/2018
2018,REPORTE DE LA FAUNA SILVESTRE DE LA TEMPORADA DE CAZA 2018-2019 DEL ESTADO DE SONORA,15,CIERVO AXIS,17,0,01/09/2018,27/05/2019
2019,REPORTE DE LA FAUNA SILVESTRE DE LA TEMPORADA DE CAZA 2019-2020 DEL ESTADO DE SONORA,15,CIERVO AXIS,2,0,01/09/2019,27/05/2020
2020,REPORTE DE LA FAUNA SILVESTRE DE LA TEMPORADA DE CAZA 2020-2021 DEL ESTADO DE SONORA,15,CIERVO AXIS,0,0,01/09/2020,27/05/2021
2021,REPORTE DE LA FAUNA SILVESTRE DE LA TEMPORADA DE CAZA 2021-2022 DEL ESTADO DE SONORA,15,CIERVO AXIS,0,0,01/09/2021,27/05/2022
2022,REPORTE DE LA FAUNA SILVESTRE DE LA TEMPORADA DE CAZA 2022-2023 DEL ESTADO DE SONORA,15,CIERVO AXIS,0,0,01/09/2022,27/05/2023
2015,REPORTE DE LA FAUNA SILVESTRE DE LA TEMPORADA DE CAZA 2015-2016 DEL ESTADO DE SONORA,16,CIERVO ROJO,15,0,25/09/2015,24/09/2016
2016,REPORTE DE LA FAUNA SILVESTRE DE LA TEMPORADA DE CAZA 2016-2017 DEL ESTADO DE SONORA,16,CIERVO ROJO,13,0,09/09/2016,28/05/2017
2017,REPORTE DE LA FAUNA SILVESTRE DE LA TEMPORADA DE CAZA 2017-2018 DEL ESTADO DE SONORA,16,CIERVO ROJO,9,0,01/09/2017,27/05/2018
2018,REPORTE DE LA FAUNA SILVESTRE DE LA TEMPORADA DE CAZA 2018-2019 DEL ESTADO DE SONORA,16,CIERVO ROJO,11,0,01/09/2018,27/05/2019
2019,REPORTE DE LA FAUNA SILVESTRE DE LA TEMPORADA DE CAZA 2019-2020 DEL ESTADO DE SONORA,16,CIERVO ROJO,1,0,01/09/2019,27/05/2020
2020,REPORTE DE LA FAUNA SILVESTRE DE LA TEMPORADA DE CAZA 2020-2021 DEL ESTADO DE SONORA,16,CIERVO ROJO,0,0,01/09/2020,27/05/2021
2021,REPORTE DE LA FAUNA SILVESTRE DE LA TEMPORADA DE CAZA 2021-2022 DEL ESTADO DE SONORA,16,CIERVO ROJO,0,0,01/09/2021,27/05/2022
2022,REPORTE DE LA FAUNA SILVESTRE DE LA TEMPORADA DE CAZA 2022-2023 DEL ESTADO DE SONORA,16,CIERVO ROJO,0,0,01/09/2022,27/05/2023
2015,REPORTE DE LA FAUNA SILVESTRE DE LA TEMPORADA DE CAZA 2015-2016 DEL ESTADO DE SONORA,17,COATI,17,0,06/11/2014,07/02/2015
2016,REPORTE DE LA FAUNA SILVESTRE DE LA TEMPORADA DE CAZA 2016-2017 DEL ESTADO DE SONORA,17,COATI,17,0,25/11/2016,12/02/2017
2017,REPORTE DE LA FAUNA SILVESTRE DE LA TEMPORADA DE CAZA 2017-2018 DEL ESTADO DE SONORA,17,COATI,5,0,01/12/2017,04/02/2018
2018,REPORTE DE LA FAUNA SILVESTRE DE LA TEMPORADA DE CAZA 2018-2019 DEL ESTADO DE SONORA,17,COATI,13,1,01/12/2018,04/02/2019
2019,REPORTE DE LA FAUNA SILVESTRE DE LA TEMPORADA DE CAZA 2019-2020 DEL ESTADO DE SONORA,17,COATI,13,3,01/12/2019,04/02/2020
2020,REPORTE DE LA FAUNA SILVESTRE DE LA TEMPORADA DE CAZA 2020-2021 DEL ESTADO DE SONORA,17,COATI,18,5,01/12/2020,04/02/2021
2021,REPORTE DE LA FAUNA SILVESTRE DE LA TEMPORADA DE CAZA 2021-2022 DEL ESTADO DE SONORA,17,COATI,32,0,01/12/2021,04/02/2022
2022,REPORTE DE LA FAUNA SILVESTRE DE LA TEMPORADA DE CAZA 2022-2023 DEL ESTADO DE SONORA,17,COATI,32,0,01/12/2022,04/02/2023
2015,REPORTE DE LA FAUNA SILVESTRE DE LA TEMPORADA DE CAZA 2015-2016 DEL ESTADO DE SONORA,18,CODORNIZ CALIFORNIANA,3,2,25/09/2014,28/02/2015
2016,REPORTE DE LA FAUNA SILVESTRE DE LA TEMPORADA DE CAZA 2016-2017 DEL ESTADO DE SONORA,18,CODORNIZ CALIFORNIANA,3,3,23/09/2015,26/02/2016
2017,REPORTE DE LA FAUNA SILVESTRE DE LA TEMPORADA DE CAZA 2017-2018 DEL ESTADO DE SONORA,18,CODORNIZ CALIFORNIANA,4,4,01/09/2016,04/02/2017
2018,REPORTE DE LA FAUNA SILVESTRE DE LA TEMPORADA DE CAZA 2018-2019 DEL ESTADO DE SONORA,18,CODORNIZ CALIFORNIANA,4,4,01/09/2017,04/02/2018
2019,REPORTE DE LA FAUNA SILVESTRE DE LA TEMPORADA DE CAZA 2019-2020 DEL ESTADO DE SONORA,18,CODORNIZ CALIFORNIANA,4,4,01/09/2018,04/02/2019
2020,REPORTE DE LA FAUNA SILVESTRE DE LA TEMPORADA DE CAZA 2020-2021 DEL ESTADO DE SONORA,18,CODORNIZ CALIFORNIANA,4,1,01/09/2019,04/02/2020
2021,REPORTE DE LA FAUNA SILVESTRE DE LA TEMPORADA DE CAZA 2021-2022 DEL ESTADO DE SONORA,18,CODORNIZ CALIFORNIANA,4,4,01/09/2020,04/02/2021
2022,REPORTE DE LA FAUNA SILVESTRE DE LA TEMPORADA DE CAZA 2022-2023 DEL ESTADO DE SONORA,18,CODORNIZ CALIFORNIANA,4,4,01/09/2021,04/02/2022
2023,REPORTE DE LA FAUNA SILVESTRE DE LA TEMPORADA DE CAZA 2023-2024 DEL ESTADO DE SONORA,18,CODORNIZ CALIFORNIANA,4,4,01/09/2022,04/02/2023
2015,REPORTE DE LA FAUNA SILVESTRE DE LA TEMPORADA DE CAZA 2015-2016 DEL ESTADO DE SONORA,19,CODORNIZ ELEGANTE,23,14,25/09/2014,28/02/2015
2016,REPORTE DE LA FAUNA SILVESTRE DE LA TEMPORADA DE CAZA 2016-2017 DEL ESTADO DE SONORA,19,CODORNIZ ELEGANTE,24,8,23/09/2015,26/02/2016
2017,REPORTE DE LA FAUNA SILVESTRE DE LA TEMPORADA DE CAZA 2017-2018 DEL ESTADO DE SONORA,19,CODORNIZ ELEGANTE,36,11,01/09/2016,04/02/2017
2018,REPORTE DE LA FAUNA SILVESTRE DE LA TEMPORADA DE CAZA 2018-2019 DEL ESTADO DE SONORA,19,CODORNIZ ELEGANTE,36,10,01/09/2017,04/02/2018
2019,REPORTE DE LA FAUNA SILVESTRE DE LA TEMPORADA DE CAZA 2019-2020 DEL ESTADO DE SONORA,19,CODORNIZ ELEGANTE,56,11,01/09/2018,04/02/2019
2020,REPORTE DE LA FAUNA SILVESTRE DE LA TEMPORADA DE CAZA 2020-2021 DEL ESTADO DE SONORA,19,CODORNIZ ELEGANTE,72,5,01/09/2019,04/02/2020
2021,REPORTE DE LA FAUNA SILVESTRE DE LA TEMPORADA DE CAZA 2021-2022 DEL ESTADO DE SONORA,19,CODORNIZ ELEGANTE,71,15,01/09/2020,04/02/2021
2022,REPORTE DE LA FAUNA SILVESTRE DE LA TEMPORADA DE CAZA 2022-2023 DEL ESTADO DE SONORA,19,CODORNIZ ELEGANTE,71,15,01/09/2021,04/02/2022
2023,REPORTE DE LA FAUNA SILVESTRE DE LA TEMPORADA DE CAZA 2023-2024 DEL ESTADO DE SONORA,19,CODORNIZ ELEGANTE,50,18,01/09/2022,04/02/2023
2016,REPORTE DE LA FAUNA SILVESTRE DE LA TEMPORADA DE CAZA 2016-2017 DEL ESTADO DE SONORA,20,CODORNIZ ESCAMOSA,9,0,23/09/2016,26/02/2017
2017,REPORTE DE LA FAUNA SILVESTRE DE LA TEMPORADA DE CAZA 2017-2018 DEL ESTADO DE SONORA,20,CODORNIZ ELEGANTE,13,0,01/09/2017,04/02/2018
2018,REPORTE DE LA FAUNA SILVESTRE DE LA TEMPORADA DE CAZA 2018-2019 DEL ESTADO DE SONORA,20,CODORNIZ ELEGANTE,13,0,01/09/2018,04/02/2019
2019,REPORTE DE LA FAUNA SILVESTRE DE LA TEMPORADA DE CAZA 2019-2020 DEL ESTADO DE SONORA,20,CODORNIZ ELEGANTE,0,0,01/09/2019,04/02/2020
2020,REPORTE DE LA FAUNA SILVESTRE DE LA TEMPORADA DE CAZA 2020-2021 DEL ESTADO DE SONORA,20,CODORNIZ ELEGANTE,5,0,01/09/2020,04/02/2021
2021,REPORTE DE LA FAUNA SILVESTRE DE LA TEMPORADA DE CAZA 2021-2022 DEL ESTADO DE SONORA,20,CODORNIZ ELEGANTE,1,0,01/09/2021,04/02/2022
2022,REPORTE DE LA FAUNA SILVESTRE DE LA TEMPORADA DE CAZA 2022-2023 DEL ESTADO DE SONORA,20,CODORNIZ ELEGANTE,1,0,01/09/2022,04/02/2023
2015,REPORTE DE LA FAUNA SILVESTRE DE LA TEMPORADA DE CAZA 2015-2016 DEL ESTADO DE SONORA,21,CODORNIZ GAMBEL,206,55,25/09/2014,28/02/2015
2016,REPORTE DE LA FAUNA SILVESTRE DE LA TEMPORADA DE CAZA 2016-2017 DEL ESTADO DE SONORA,21,CODORNIZ GAMBEL,154,40,23/09/2015,26/02/2016
2017,REPORTE DE LA FAUNA SILVESTRE DE LA TEMPORADA DE CAZA 2017-2018 DEL ESTADO DE SONORA,21,CODORNIZ GAMBEL,224,47,01/09/2016,04/02/2017
2018,REPORTE DE LA FAUNA SILVESTRE DE LA TEMPORADA DE CAZA 2018-2019 DEL ESTADO DE SONORA,21,CODORNIZ GAMBEL,245,46,01/09/2017,04/02/2018
2019,REPORTE DE LA FAUNA SILVESTRE DE LA TEMPORADA DE CAZA 2019-2020 DEL ESTADO DE SONORA,21,CODORNIZ GAMBEL,207,33,01/09/2018,04/02/2019
2020,REPORTE DE LA FAUNA SILVESTRE DE LA TEMPORADA DE CAZA 2020-2021 DEL ESTADO DE SONORA,21,CODORNIZ GAMBEL,175,43,01/09/2019,04/02/2020
2021,REPORTE DE LA FAUNA SILVESTRE DE LA TEMPORADA DE CAZA 2021-2022 DEL ESTADO DE SONORA,21,CODORNIZ GAMBEL,164,47,01/09/2020,04/02/2021
2022,REPORTE DE LA FAUNA SILVESTRE DE LA TEMPORADA DE CAZA 2022-2023 DEL ESTADO DE SONORA,21,CODORNIZ GAMBEL,164,47,01/09/2021,04/02/2022
2023,REPORTE DE LA FAUNA SILVESTRE DE LA TEMPORADA DE CAZA 2023-2024 DEL ESTADO DE SONORA,21,CODORNIZ GAMBEL,219,43,01/09/2022,04/02/2023
2016,REPORTE DE LA FAUNA SILVESTRE DE LA TEMPORADA DE CAZA 2016-2017 DEL ESTADO DE SONORA,22,CODORNIZ MOCTEZUMAE,4,0,23/09/2016,26/02/2017
2017,REPORTE DE LA FAUNA SILVESTRE DE LA TEMPORADA DE CAZA 2017-2018 DEL ESTADO DE SONORA,22,CODORNIZ MOCTEZUMAE,6,0,01/09/2017,04/02/2018
2018,REPORTE DE LA FAUNA SILVESTRE DE LA TEMPORADA DE CAZA 2018-2019 DEL ESTADO DE SONORA,22,CODORNIZ MOCTEZUMAE,6,0,01/09/2018,04/02/2019
2019,REPORTE DE LA FAUNA SILVESTRE DE LA TEMPORADA DE CAZA 2019-2020 DEL ESTADO DE SONORA,22,CODORNIZ MOCTEZUMAE,0,0,01/09/2019,04/02/2020
2020,REPORTE DE LA FAUNA SILVESTRE DE LA TEMPORADA DE CAZA 2020-2021 DEL ESTADO DE SONORA,22,CODORNIZ MOCTEZUMAE,9,1,01/09/2020,04/02/2021
2021,REPORTE DE LA FAUNA SILVESTRE DE LA TEMPORADA DE CAZA 2021-2022 DEL ESTADO DE SONORA,22,CODORNIZ MOCTEZUMAE,19,5,01/09/2021,04/02/2022
2022,REPORTE DE LA FAUNA SILVESTRE DE LA TEMPORADA DE CAZA 2022-2023 DEL ESTADO DE SONORA,22,CODORNIZ MOCTEZUMAE,19,5,01/09/2022,04/02/2023
2015,REPORTE DE LA FAUNA SILVESTRE DE LA TEMPORADA DE CAZA 2015-2016 DEL ESTADO DE SONORA,23,CONEJO,140,7,06/11/2014,07/02/2015
2016,REPORTE DE LA FAUNA SILVESTRE DE LA TEMPORADA DE CAZA 2016-2017 DEL ESTADO DE SONORA,23,CONEJO,47,5,25/11/2015,12/02/2016
2017,REPORTE DE LA FAUNA SILVESTRE DE LA TEMPORADA DE CAZA 2017-2018 DEL ESTADO DE SONORA,23,CONEJO,67,6,01/12/2016,04/02/2017
2018,REPORTE DE LA FAUNA SILVESTRE DE LA TEMPORADA DE CAZA 2018-2019 DEL ESTADO DE SONORA,23,CONEJO,59,5,01/12/2017,04/02/2018
2019,REPORTE DE LA FAUNA SILVESTRE DE LA TEMPORADA DE CAZA 2019-2020 DEL ESTADO DE SONORA,23,CONEJO,91,3,01/12/2018,04/02/2019
2020,REPORTE DE LA FAUNA SILVESTRE DE LA TEMPORADA DE CAZA 2020-2021 DEL ESTADO DE SONORA,23,CONEJO,0,0,01/12/2019,04/02/2020
2021,REPORTE DE LA FAUNA SILVESTRE DE LA TEMPORADA DE CAZA 2021-2022 DEL ESTADO DE SONORA,23,CONEJO,100,3,01/12/2020,04/02/2021
2022,REPORTE DE LA FAUNA SILVESTRE DE LA TEMPORADA DE CAZA 2022-2023 DEL ESTADO DE SONORA,23,CONEJO,100,3,01/12/2021,04/02/2022
2023,REPORTE DE LA FAUNA SILVESTRE DE LA TEMPORADA DE CAZA 2023-2024 DEL ESTADO DE SONORA,23,CONEJO,73,1,01/12/2022,04/02/2023
2015,REPORTE DE LA FAUNA SILVESTRE DE LA TEMPORADA DE CAZA 2015-2016 DEL ESTADO DE SONORA,24,COYOTE,71,32,06/11/2014,07/02/2015
2016,REPORTE DE LA FAUNA SILVESTRE DE LA TEMPORADA DE CAZA 2016-2017 DEL ESTADO DE SONORA,24,COYOTE,80,35,25/11/2015,12/02/2016
2017,REPORTE DE LA FAUNA SILVESTRE DE LA TEMPORADA DE CAZA 2017-2018 DEL ESTADO DE SONORA,24,COYOTE,92,47,01/12/2016,04/02/2017
2018,REPORTE DE LA FAUNA SILVESTRE DE LA TEMPORADA DE CAZA 2018-2019 DEL ESTADO DE SONORA,24,COYOTE,107,42,01/12/2017,04/02/2018
2019,REPORTE DE LA FAUNA SILVESTRE DE LA TEMPORADA DE CAZA 2019-2020 DEL ESTADO DE SONORA,24,COYOTE,112,33,01/12/2018,04/02/2019
2020,REPORTE DE LA FAUNA SILVESTRE DE LA TEMPORADA DE CAZA 2020-2021 DEL ESTADO DE SONORA,24,COYOTE,101,24,01/12/2019,04/02/2020
2021,REPORTE DE LA FAUNA SILVESTRE DE LA TEMPORADA DE CAZA 2021-2022 DEL ESTADO DE SONORA,24,COYOTE,103,33,01/12/2020,04/02/2021
2022,REPORTE DE LA FAUNA SILVESTRE DE LA TEMPORADA DE CAZA 2022-2023 DEL ESTADO DE SONORA,24,COYOTE,107,37,01/12/2021,04/02/2022
2023,REPORTE DE LA FAUNA SILVESTRE DE LA TEMPORADA DE CAZA 2023-2024 DEL ESTADO DE SONORA,24,COYOTE,124,39,01/12/2022,04/02/2023
2015,REPORTE DE LA FAUNA SILVESTRE DE LA TEMPORADA DE CAZA 2015-2016 DEL ESTADO DE SONORA,25,ELK,5,0,25/09/2015,24/09/2016
2016,REPORTE DE LA FAUNA SILVESTRE DE LA TEMPORADA DE CAZA 2016-2017 DEL ESTADO DE SONORA,25,ELK,5,0,09/09/2016,28/05/2017
2017,REPORTE DE LA FAUNA SILVESTRE DE LA TEMPORADA DE CAZA 2017-2018 DEL ESTADO DE SONORA,25,ELK,5,0,01/09/2017,27/05/2018
2018,REPORTE DE LA FAUNA SILVESTRE DE LA TEMPORADA DE CAZA 2018-2019 DEL ESTADO DE SONORA,25,ELK,7,0,01/09/2018,27/05/2019
2019,REPORTE DE LA FAUNA SILVESTRE DE LA TEMPORADA DE CAZA 2019-2020 DEL ESTADO DE SONORA,25,ELK,0,0,01/09/2019,27/05/2020
2020,REPORTE DE LA FAUNA SILVESTRE DE LA TEMPORADA DE CAZA 2020-2021 DEL ESTADO DE SONORA,25,ELK,0,0,01/09/2020,27/05/2021
2021,REPORTE DE LA FAUNA SILVESTRE DE LA TEMPORADA DE CAZA 2021-2022 DEL ESTADO DE SONORA,25,ELK,0,0,01/09/2021,27/05/2022
2022,REPORTE DE LA FAUNA SILVESTRE DE LA TEMPORADA DE CAZA 2022-2023 DEL ESTADO DE SONORA,25,ELK,0,0,01/09/2022,27/05/2023
2015,REPORTE DE LA FAUNA SILVESTRE DE LA TEMPORADA DE CAZA 2015-2016 DEL ESTADO DE SONORA,26,FAISAN DE COLLAR,421,298,25/09/2014,27/03/2015
2016,REPORTE DE LA FAUNA SILVESTRE DE LA TEMPORADA DE CAZA 2016-2017 DEL ESTADO DE SONORA,26,FAISAN DE COLLAR,340,316,23/09/2015,26/03/2016
2017,REPORTE DE LA FAUNA SILVESTRE DE LA TEMPORADA DE CAZA 2017-2018 DEL ESTADO DE SONORA,26,FAISAN DE COLLAR,602,287,01/09/2016,25/03/2017
2018,REPORTE DE LA FAUNA SILVESTRE DE LA TEMPORADA DE CAZA 2018-2019 DEL ESTADO DE SONORA,26,FAISAN DE COLLAR,447,232,01/09/2017,25/03/2018
2019,REPORTE DE LA FAUNA SILVESTRE DE LA TEMPORADA DE CAZA 2019-2020 DEL ESTADO DE SONORA,26,FAISAN DE COLLAR,398,197,01/09/2018,25/03/2019
2020,REPORTE DE LA FAUNA SILVESTRE DE LA TEMPORADA DE CAZA 2020-2021 DEL ESTADO DE SONORA,26,FAISAN DE COLLAR,327,94,01/09/2019,25/03/2020
2021,REPORTE DE LA FAUNA SILVESTRE DE LA TEMPORADA DE CAZA 2021-2022 DEL ESTADO DE SONORA,26,FAISAN DE COLLAR,328,101,01/09/2020,25/03/2021
2022,REPORTE DE LA FAUNA SILVESTRE DE LA TEMPORADA DE CAZA 2022-2023 DEL ESTADO DE SONORA,26,FAISAN DE COLLAR,328,101,01/09/2021,25/03/2022
2023,REPORTE DE LA FAUNA SILVESTRE DE LA TEMPORADA DE CAZA 2023-2024 DEL ESTADO DE SONORA,26,FAISAN DE COLLAR,256,144,01/09/2022,25/03/2023
2015,REPORTE DE LA FAUNA SILVESTRE DE LA TEMPORADA DE CAZA 2015-2016 DEL ESTADO DE SONORA,27,GAMO EUROPEO,12,0,25/09/2015,24/09/2016
2016,REPORTE DE LA FAUNA SILVESTRE DE LA TEMPORADA DE CAZA 2016-2017 DEL ESTADO DE SONORA,27,GAMO EUROPEO,7,0,09/09/2016,28/05/2017
2017,REPORTE DE LA FAUNA SILVESTRE DE LA TEMPORADA DE CAZA 2017-2018 DEL ESTADO DE SONORA,27,GAMO EUROPEO,5,0,01/09/2017,27/05/2018
2018,REPORTE DE LA FAUNA SILVESTRE DE LA TEMPORADA DE CAZA 2018-2019 DEL ESTADO DE SONORA,27,GAMO EUROPEO,10,0,01/09/2018,27/05/2019
2019,REPORTE DE LA FAUNA SILVESTRE DE LA TEMPORADA DE CAZA 2019-2020 DEL ESTADO DE SONORA,27,GAMO EUROPEO,0,0,01/09/2019,27/05/2020
2020,REPORTE DE LA FAUNA SILVESTRE DE LA TEMPORADA DE CAZA 2020-2021 DEL ESTADO DE SONORA,27,GAMO EUROPEO,0,0,01/09/2020,27/05/2021
2021,REPORTE DE LA FAUNA SILVESTRE DE LA TEMPORADA DE CAZA 2021-2022 DEL ESTADO DE SONORA,27,GAMO EUROPEO,0,0,01/09/2021,27/05/2022
2022,REPORTE DE LA FAUNA SILVESTRE DE LA TEMPORADA DE CAZA 2022-2023 DEL ESTADO DE SONORA,27,GAMO EUROPEO,0,0,01/09/2022,27/05/2023
2015,REPORTE DE LA FAUNA SILVESTRE DE LA TEMPORADA DE CAZA 2015-2016 DEL ESTADO DE SONORA,28,GANSO CANADIENSE,13,0,30/10/2015,07/02/2016
2016,REPORTE DE LA FAUNA SILVESTRE DE LA TEMPORADA DE CAZA 2016-2017 DEL ESTADO DE SONORA,28,GANSO CANADIENSE,13,0,28/10/2016,05/02/2017
2015,REPORTE DE LA FAUNA SILVESTRE DE LA TEMPORADA DE CAZA 2015-2016 DEL ESTADO DE SONORA,29,GANSOS,98,55,30/10/2014,07/02/2015
2016,REPORTE DE LA FAUNA SILVESTRE DE LA TEMPORADA DE CAZA 2016-2017 DEL ESTADO DE SONORA,29,GANSOS,79,50,28/10/2015,05/02/2016
2017,REPORTE DE LA FAUNA SILVESTRE DE LA TEMPORADA DE CAZA 2017-2018 DEL ESTADO DE SONORA,29,GANSOS,102,40,27/10/2016,25/02/2017
2018,REPORTE DE LA FAUNA SILVESTRE DE LA TEMPORADA DE CAZA 2018-2019 DEL ESTADO DE SONORA,29,GANSOS,80,44,27/10/2017,25/02/2018
2019,REPORTE DE LA FAUNA SILVESTRE DE LA TEMPORADA DE CAZA 2019-2020 DEL ESTADO DE SONORA,29,GANSOS,63,35,27/10/2018,25/02/2019
2020,REPORTE DE LA FAUNA SILVESTRE DE LA TEMPORADA DE CAZA 2020-2021 DEL ESTADO DE SONORA,29,GANSOS,41,20,27/10/2019,25/02/2020
2021,REPORTE DE LA FAUNA SILVESTRE DE LA TEMPORADA DE CAZA 2021-2022 DEL ESTADO DE SONORA,29,GANSOS,35,12,27/10/2020,25/02/2021
2022,REPORTE DE LA FAUNA SILVESTRE DE LA TEMPORADA DE CAZA 2022-2023 DEL ESTADO DE SONORA,29,GANSOS,35,12,27/10/2021,25/02/2022
2023,REPORTE DE LA FAUNA SILVESTRE DE LA TEMPORADA DE CAZA 2023-2024 DEL ESTADO DE SONORA,29,GANSOS,34,24,27/10/2022,25/02/2023
2015,REPORTE DE LA FAUNA SILVESTRE DE LA TEMPORADA DE CAZA 2015-2016 DEL ESTADO DE SONORA,30,GATO MONTES,25,15,06/11/2014,07/02/2015
2016,REPORTE DE LA FAUNA SILVESTRE DE LA TEMPORADA DE CAZA 2016-2017 DEL ESTADO DE SONORA,30,GATO MONTES,32,9,25/11/2015,12/02/2016
2017,REPORTE DE LA FAUNA SILVESTRE DE LA TEMPORADA DE CAZA 2017-2018 DEL ESTADO DE SONORA,30,GATO MONTES,38,19,01/12/2016,04/02/2017
2018,REPORTE DE LA FAUNA SILVESTRE DE LA TEMPORADA DE CAZA 2018-2019 DEL ESTADO DE SONORA,30,GATO MONTES,39,22,27/10/2017,25/02/2018
2019,REPORTE DE LA FAUNA SILVESTRE DE LA TEMPORADA DE CAZA 2019-2020 DEL ESTADO DE SONORA,30,GATO MONTES,2,0,27/10/2018,25/02/2019
2020,REPORTE DE LA FAUNA SILVESTRE DE LA TEMPORADA DE CAZA 2020-2021 DEL ESTADO DE SONORA,30,GATO MONTES,4,4,27/10/2019,25/02/2020
2021,REPORTE DE LA FAUNA SILVESTRE DE LA TEMPORADA DE CAZA 2021-2022 DEL ESTADO DE SONORA,30,GATO MONTES,0,0,27/10/2020,25/02/2021
2022,REPORTE DE LA FAUNA SILVESTRE DE LA TEMPORADA DE CAZA 2022-2023 DEL ESTADO DE SONORA,30,GATO MONTES,0,0,27/10/2021,25/02/2022
2023,REPORTE DE LA FAUNA SILVESTRE DE LA TEMPORADA DE CAZA 2023-2024 DEL ESTADO DE SONORA,30,GATO MONTES,0,0,27/10/2022,25/02/2023
2015,REPORTE DE LA FAUNA SILVESTRE DE LA TEMPORADA DE CAZA 2015-2016 DEL ESTADO DE SONORA,31,GUAJOLOTE,1120,467,25/03/2014,29/05/2015
2016,REPORTE DE LA FAUNA SILVESTRE DE LA TEMPORADA DE CAZA 2016-2017 DEL ESTADO DE SONORA,31,GUAJOLOTE,1032,555,31/03/2015,28/05/2016
2017,REPORTE DE LA FAUNA SILVESTRE DE LA TEMPORADA DE CAZA 2017-2018 DEL ESTADO DE SONORA,31,GUAJOLOTE,1223,522,30/03/2016,27/05/2017
2018,REPORTE DE LA FAUNA SILVESTRE DE LA TEMPORADA DE CAZA 2018-2019 DEL ESTADO DE SONORA,31,GUAJOLOTE,1340,526,30/03/2017,27/05/2018
2019,REPORTE DE LA FAUNA SILVESTRE DE LA TEMPORADA DE CAZA 2019-2020 DEL ESTADO DE SONORA,31,GUAJOLOTE,1100,179,30/03/2017,27/05/2018
2020,REPORTE DE LA FAUNA SILVESTRE DE LA TEMPORADA DE CAZA 2020-2021 DEL ESTADO DE SONORA,31,GUAJOLOTE,1427,559,30/03/2017,27/05/2018
2021,REPORTE DE LA FAUNA SILVESTRE DE LA TEMPORADA DE CAZA 2021-2022 DEL ESTADO DE SONORA,31,GUAJOLOTE,195,0,30/03/2017,27/05/2018
2022,REPORTE DE LA FAUNA SILVESTRE DE LA TEMPORADA DE CAZA 2022-2023 DEL ESTADO DE SONORA,31,GUAJOLOTE,1586,600,30/03/2017,27/05/2018
2023,REPORTE DE LA FAUNA SILVESTRE DE LA TEMPORADA DE CAZA 2023-2024 DEL ESTADO DE SONORA,31,GUAJOLOTE,173,6,30/03/2017,27/05/2018
2015,REPORTE DE LA FAUNA SILVESTRE DE LA TEMPORADA DE CAZA 2015-2016 DEL ESTADO DE SONORA,32,JABALI DE COLLAR,4015,1562,06/11/2014,07/02/2015
2016,REPORTE DE LA FAUNA SILVESTRE DE LA TEMPORADA DE CAZA 2016-2017 DEL ESTADO DE SONORA,32,JABALI DE COLLAR,4208,1641,25/11/2015,12/02/2016
2017,REPORTE DE LA FAUNA SILVESTRE DE LA TEMPORADA DE CAZA 2017-2018 DEL ESTADO DE SONORA,32,JABALI DE COLLAR,4318,1546,01/12/2016,04/02/2017
2018,REPORTE DE LA FAUNA SILVESTRE DE LA TEMPORADA DE CAZA 2018-2019 DEL ESTADO DE SONORA,32,JABALI DE COLLAR,4753,1681,01/12/2017,04/02/2018
2019,REPORTE DE LA FAUNA SILVESTRE DE LA TEMPORADA DE CAZA 2019-2020 DEL ESTADO DE SONORA,32,JABALI DE COLLAR,5068,1493,01/12/2018,04/02/2019
2020,REPORTE DE LA FAUNA SILVESTRE DE LA TEMPORADA DE CAZA 2020-2021 DEL ESTADO DE SONORA,32,JABALI DE COLLAR,4921,1322,01/12/2019,04/02/2020
2021,REPORTE DE LA FAUNA SILVESTRE DE LA TEMPORADA DE CAZA 2021-2022 DEL ESTADO DE SONORA,32,JABALI DE COLLAR,4889,1366,01/12/2020,04/02/2021
2022,REPORTE DE LA FAUNA SILVESTRE DE LA TEMPORADA DE CAZA 2022-2023 DEL ESTADO DE SONORA,32,JABALI DE COLLAR,4898,1362,01/12/2021,04/02/2022
2023,REPORTE DE LA FAUNA SILVESTRE DE LA TEMPORADA DE CAZA 2023-2024 DEL ESTADO DE SONORA,32,JABALI DE COLLAR,4403,1473,01/12/2022,04/02/2023
2015,REPORTE DE LA FAUNA SILVESTRE DE LA TEMPORADA DE CAZA 2015-2016 DEL ESTADO DE SONORA,33,JABALI DE COLLAR-CONFINAMIENTO,41,21,06/11/2014,07/02/2015
2016,REPORTE DE LA FAUNA SILVESTRE DE LA TEMPORADA DE CAZA 2016-2017 DEL ESTADO DE SONORA,33,JABALI DE COLLAR-CONFINAMIENTO,48,24,25/11/2015,12/02/2016
2017,REPORTE DE LA FAUNA SILVESTRE DE LA TEMPORADA DE CAZA 2017-2018 DEL ESTADO DE SONORA,33,JABALI DE COLLAR-CONFINAMIENTO,50,15,25/11/2016,12/02/2017
2018,REPORTE DE LA FAUNA SILVESTRE DE LA TEMPORADA DE CAZA 2018-2019 DEL ESTADO DE SONORA,33,JABALI DE COLLAR-CONFINAMIENTO,51,15,25/11/2017,12/02/2018
2019,REPORTE DE LA FAUNA SILVESTRE DE LA TEMPORADA DE CAZA 2019-2020 DEL ESTADO DE SONORA,33,JABALI DE COLLAR-CONFINAMIENTO,58,12,25/11/2018,12/02/2019
2020,REPORTE DE LA FAUNA SILVESTRE DE LA TEMPORADA DE CAZA 2020-2021 DEL ESTADO DE SONORA,33,JABALI DE COLLAR-CONFINAMIENTO,43,7,25/11/2019,12/02/2020
2021,REPORTE DE LA FAUNA SILVESTRE DE LA TEMPORADA DE CAZA 2021-2022 DEL ESTADO DE SONORA,33,JABALI DE COLLAR-CONFINAMIENTO,0,0,25/11/2020,12/02/2021
2022,REPORTE DE LA FAUNA SILVESTRE DE LA TEMPORADA DE CAZA 2022-2023 DEL ESTADO DE SONORA,33,JABALI DE COLLAR-CONFINAMIENTO,0,0,25/11/2021,12/02/2022
2023,REPORTE DE LA FAUNA SILVESTRE DE LA TEMPORADA DE CAZA 2023-2024 DEL ESTADO DE SONORA,33,JABALI DE COLLAR-CONFINAMIENTO,0,0,25/11/2022,12/02/2023
2015,REPORTE DE LA FAUNA SILVESTRE DE LA TEMPORADA DE CAZA 2015-2016 DEL ESTADO DE SONORA,34,LIEBRE,178,12,06/11/2014,07/02/2015
2016,REPORTE DE LA FAUNA SILVESTRE DE LA TEMPORADA DE CAZA 2016-2017 DEL ESTADO DE SONORA,34,LIEBRE,104,6,25/11/2015,12/02/2016
2017,REPORTE DE LA FAUNA SILVESTRE DE LA TEMPORADA DE CAZA 2017-2018 DEL ESTADO DE SONORA,34,LIEBRE,180,9,01/12/2016,04/02/2017
2018,REPORTE DE LA FAUNA SILVESTRE DE LA TEMPORADA DE CAZA 2018-2019 DEL ESTADO DE SONORA,34,LIEBRE,176,5,01/12/2017,04/02/2018
2019,REPORTE DE LA FAUNA SILVESTRE DE LA TEMPORADA DE CAZA 2019-2020 DEL ESTADO DE SONORA,34,LIEBRE,229,4,01/12/2018,04/02/2019
2020,REPORTE DE LA FAUNA SILVESTRE DE LA TEMPORADA DE CAZA 2020-2021 DEL ESTADO DE SONORA,34,LIEBRE,0,0,01/12/2019,04/02/2020
2021,REPORTE DE LA FAUNA SILVESTRE DE LA TEMPORADA DE CAZA 2021-2022 DEL ESTADO DE SONORA,34,LIEBRE,125,3,01/12/2020,04/02/2021
2022,REPORTE DE LA FAUNA SILVESTRE DE LA TEMPORADA DE CAZA 2022-2023 DEL ESTADO DE SONORA,34,LIEBRE,125,3,01/12/2021,04/02/2022
2023,REPORTE DE LA FAUNA SILVESTRE DE LA TEMPORADA DE CAZA 2023-2024 DEL ESTADO DE SONORA,34,LIEBRE,96,1,01/12/2022,04/02/2023
2015,REPORTE DE LA FAUNA SILVESTRE DE LA TEMPORADA DE CAZA 2015-2016 DEL ESTADO DE SONORA,35,LLAMA,10,0,25/09/2015,24/09/2016
2016,REPORTE DE LA FAUNA SILVESTRE DE LA TEMPORADA DE CAZA 2016-2017 DEL ESTADO DE SONORA,35,LLAMA,0,0,09/09/2016,28/05/2017
2017,REPORTE DE LA FAUNA SILVESTRE DE LA TEMPORADA DE CAZA 2017-2018 DEL ESTADO DE SONORA,35,LLAMA,10,0,01/09/2017,27/05/2018
2018,REPORTE DE LA FAUNA SILVESTRE DE LA TEMPORADA DE CAZA 2018-2019 DEL ESTADO DE SONORA,35,LLAMA,0,0,01/09/2018,27/05/2019
2019,REPORTE DE LA FAUNA SILVESTRE DE LA TEMPORADA DE CAZA 2019-2020 DEL ESTADO DE SONORA,35,LLAMA,0,0,01/09/2019,27/05/2020
2020,REPORTE DE LA FAUNA SILVESTRE DE LA TEMPORADA DE CAZA 2020-2021 DEL ESTADO DE SONORA,35,LLAMA,0,0,01/09/2020,27/05/2021
2021,REPORTE DE LA FAUNA SILVESTRE DE LA TEMPORADA DE CAZA 2021-2022 DEL ESTADO DE SONORA,35,LLAMA,0,0,01/09/2021,27/05/2022
2022,REPORTE DE LA FAUNA SILVESTRE DE LA TEMPORADA DE CAZA 2022-2023 DEL ESTADO DE SONORA,35,LLAMA,0,0,01/09/2022,27/05/2023
2015,REPORTE DE LA FAUNA SILVESTRE DE LA TEMPORADA DE CAZA 2015-2016 DEL ESTADO DE SONORA,36,ODOC0ILEUS HEMIONUS SHELDONI,6,6,06/11/2014,07/02/2015
2016,REPORTE DE LA FAUNA SILVESTRE DE LA TEMPORADA DE CAZA 2016-2017 DEL ESTADO DE SONORA,36,ODOC0ILEUS HEMIONUS SHELDONI,10,10,25/11/2015,12/02/2016
2017,REPORTE DE LA FAUNA SILVESTRE DE LA TEMPORADA DE CAZA 2017-2018 DEL ESTADO DE SONORA,36,ODOC0ILEUS HEMIONUS SHELDONI,15,15,01/12/2016,04/02/2017
2018,REPORTE DE LA FAUNA SILVESTRE DE LA TEMPORADA DE CAZA 2018-2019 DEL ESTADO DE SONORA,36,ODOC0ILEUS HEMIONUS SHELDONI,17,17,01/12/2017,04/02/2018
2019,REPORTE DE LA FAUNA SILVESTRE DE LA TEMPORADA DE CAZA 2019-2020 DEL ESTADO DE SONORA,36,ODOC0ILEUS HEMIONUS SHELDONI,18,18,01/12/2018,04/02/2019
2020,REPORTE DE LA FAUNA SILVESTRE DE LA TEMPORADA DE CAZA 2020-2021 DEL ESTADO DE SONORA,36,ODOC0ILEUS HEMIONUS SHELDONI,18,8,01/12/2019,04/02/2020
2021,REPORTE DE LA FAUNA SILVESTRE DE LA TEMPORADA DE CAZA 2021-2022 DEL ESTADO DE SONORA,36,ODOC0ILEUS HEMIONUS SHELDONI,18,10,01/12/2020,04/02/2021
2022,REPORTE DE LA FAUNA SILVESTRE DE LA TEMPORADA DE CAZA 2022-2023 DEL ESTADO DE SONORA,36,ODOC0ILEUS HEMIONUS SHELDONI,18,14,01/12/2021,04/02/2022
2023,REPORTE DE LA FAUNA SILVESTRE DE LA TEMPORADA DE CAZA 2023-2024 DEL ESTADO DE SONORA,36,ODOC0ILEUS HEMIONUS SHELDONI,18,18,01/12/2022,04/02/2023
2015,REPORTE DE LA FAUNA SILVESTRE DE LA TEMPORADA DE CAZA 2015-2016 DEL ESTADO DE SONORA,37,ORIX DEL CABO,10,4,25/09/2014,24/09/2015
2016,REPORTE DE LA FAUNA SILVESTRE DE LA TEMPORADA DE CAZA 2016-2017 DEL ESTADO DE SONORA,37,ORIX DEL CABO,9,3,09/09/2015,28/05/2016
2017,REPORTE DE LA FAUNA SILVESTRE DE LA TEMPORADA DE CAZA 2017-2018 DEL ESTADO DE SONORA,37,ORIX DEL CABO,4,3,01/09/2016,27/05/2017
2018,REPORTE DE LA FAUNA SILVESTRE DE LA TEMPORADA DE CAZA 2018-2019 DEL ESTADO DE SONORA,37,ORIX DEL CABO,10,4,01/09/2017,27/05/2018
2019,REPORTE DE LA FAUNA SILVESTRE DE LA TEMPORADA DE CAZA 2019-2020 DEL ESTADO DE SONORA,37,ORIX DEL CABO,4,3,01/09/2018,27/05/2019
2020,REPORTE DE LA FAUNA SILVESTRE DE LA TEMPORADA DE CAZA 2020-2021 DEL ESTADO DE SONORA,37,ORIX DEL CABO,0,0,01/09/2019,27/05/2020
2021,REPORTE DE LA FAUNA SILVESTRE DE LA TEMPORADA DE CAZA 2021-2022 DEL ESTADO DE SONORA,37,ORIX DEL CABO,0,0,01/09/2020,27/05/2021
2022,REPORTE DE LA FAUNA SILVESTRE DE LA TEMPORADA DE CAZA 2022-2023 DEL ESTADO DE SONORA,37,ORIX DEL CABO,0,0,01/09/2021,27/05/2022
2023,REPORTE DE LA FAUNA SILVESTRE DE LA TEMPORADA DE CAZA 2023-2024 DEL ESTADO DE SONORA,37,ORIX DEL CABO,0,0,01/09/2022,27/05/2023
2015,REPORTE DE LA FAUNA SILVESTRE DE LA TEMPORADA DE CAZA 2015-2016 DEL ESTADO DE SONORA,38,PALOMA ALAS BLANCAS,8,8,25/09/2014,06/03/2015
2016,REPORTE DE LA FAUNA SILVESTRE DE LA TEMPORADA DE CAZA 2016-2017 DEL ESTADO DE SONORA,38,PALOMA ALAS BLANCAS,8,6,09/09/2015,05/03/2016
2017,REPORTE DE LA FAUNA SILVESTRE DE LA TEMPORADA DE CAZA 2017-2018 DEL ESTADO DE SONORA,38,PALOMA ALAS BLANCAS,15,5,01/09/2016,11/03/2017
2018,REPORTE DE LA FAUNA SILVESTRE DE LA TEMPORADA DE CAZA 2018-2019 DEL ESTADO DE SONORA,38,PALOMA ALAS BLANCAS,11,5,01/09/2017,11/03/2018
2019,REPORTE DE LA FAUNA SILVESTRE DE LA TEMPORADA DE CAZA 2019-2020 DEL ESTADO DE SONORA,38,PALOMA ALAS BLANCAS,58,25,01/09/2018,11/03/2019
2020,REPORTE DE LA FAUNA SILVESTRE DE LA TEMPORADA DE CAZA 2020-2021 DEL ESTADO DE SONORA,38,PALOMA ALAS BLANCAS,15,9,01/09/2019,11/03/2020
2021,REPORTE DE LA FAUNA SILVESTRE DE LA TEMPORADA DE CAZA 2021-2022 DEL ESTADO DE SONORA,38,PALOMA ALAS BLANCAS,6,5,01/09/2020,11/03/2021
2022,REPORTE DE LA FAUNA SILVESTRE DE LA TEMPORADA DE CAZA 2022-2023 DEL ESTADO DE SONORA,38,PALOMA ALAS BLANCAS,6,5,01/09/2021,11/03/2022
2023,REPORTE DE LA FAUNA SILVESTRE DE LA TEMPORADA DE CAZA 2023-2024 DEL ESTADO DE SONORA,38,PALOMA ALAS BLANCAS,9,5,01/09/2022,11/03/2023
2015,REPORTE DE LA FAUNA SILVESTRE DE LA TEMPORADA DE CAZA 2015-2016 DEL ESTADO DE SONORA,39,PALOMA HUILOTA,101,40,25/09/2014,06/03/2015
2016,REPORTE DE LA FAUNA SILVESTRE DE LA TEMPORADA DE CAZA 2016-2017 DEL ESTADO DE SONORA,39,PALOMA HUILOTA,70,49,09/09/2015,05/03/2016
2017,REPORTE DE LA FAUNA SILVESTRE DE LA TEMPORADA DE CAZA 2017-2018 DEL ESTADO DE SONORA,39,PALOMA HUILOTA,124,44,01/09/2016,11/03/2017
2018,REPORTE DE LA FAUNA SILVESTRE DE LA TEMPORADA DE CAZA 2018-2019 DEL ESTADO DE SONORA,39,PALOMA HUILOTA,102,54,01/09/2017,11/03/2018
2019,REPORTE DE LA FAUNA SILVESTRE DE LA TEMPORADA DE CAZA 2019-2020 DEL ESTADO DE SONORA,39,PALOMA HUILOTA,92,44,01/09/2018,11/03/2019
2020,REPORTE DE LA FAUNA SILVESTRE DE LA TEMPORADA DE CAZA 2020-2021 DEL ESTADO DE SONORA,39,PALOMA HUILOTA,92,40,01/09/2019,11/03/2020
2021,REPORTE DE LA FAUNA SILVESTRE DE LA TEMPORADA DE CAZA 2021-2022 DEL ESTADO DE SONORA,39,PALOMA HUILOTA,94,37,01/09/2020,11/03/2021
2022,REPORTE DE LA FAUNA SILVESTRE DE LA TEMPORADA DE CAZA 2022-2023 DEL ESTADO DE SONORA,39,PALOMA HUILOTA,94,37,01/09/2021,11/03/2022
2023,REPORTE DE LA FAUNA SILVESTRE DE LA TEMPORADA DE CAZA 2023-2024 DEL ESTADO DE SONORA,39,PALOMA HUILOTA,70,38,01/09/2022,11/03/2023
2015,REPORTE DE LA FAUNA SILVESTRE DE LA TEMPORADA DE CAZA 2015-2016 DEL ESTADO DE SONORA,40,PALOMAS ALAS BLANCAS Y HUILOTA,2658,718,25/09/2014,06/03/2015
2016,REPORTE DE LA FAUNA SILVESTRE DE LA TEMPORADA DE CAZA 2016-2017 DEL ESTADO DE SONORA,40,PALOMAS ALAS BLANCAS Y HUILOTA,2376,752,09/09/2015,05/03/2016
2017,REPORTE DE LA FAUNA SILVESTRE DE LA TEMPORADA DE CAZA 2017-2018 DEL ESTADO DE SONORA,40,PALOMAS ALAS BLANCAS Y HUILOTA,2441,679,01/09/2016,11/03/2017
2018,REPORTE DE LA FAUNA SILVESTRE DE LA TEMPORADA DE CAZA 2018-2019 DEL ESTADO DE SONORA,40,PALOMAS ALAS BLANCAS Y HUILOTA,2519,736,01/09/2017,11/03/2018
2019,REPORTE DE LA FAUNA SILVESTRE DE LA TEMPORADA DE CAZA 2019-2020 DEL ESTADO DE SONORA,40,PALOMAS ALAS BLANCAS Y HUILOTA,3227,1078,01/09/2018,11/03/2019
2020,REPORTE DE LA FAUNA SILVESTRE DE LA TEMPORADA DE CAZA 2020-2021 DEL ESTADO DE SONORA,40,PALOMAS ALAS BLANCAS Y HUILOTA,3308,638,01/09/2019,11/03/2020
2021,REPORTE DE LA FAUNA SILVESTRE DE LA TEMPORADA DE CAZA 2021-2022 DEL ESTADO DE SONORA,40,PALOMAS ALAS BLANCAS Y HUILOTA,3216,1035,01/09/2020,11/03/2021
2022,REPORTE DE LA FAUNA SILVESTRE DE LA TEMPORADA DE CAZA 2022-2023 DEL ESTADO DE SONORA,40,PALOMAS ALAS BLANCAS Y HUILOTA,3216,1297,01/09/2021,11/03/2022
2023,REPORTE DE LA FAUNA SILVESTRE DE LA TEMPORADA DE CAZA 2023-2024 DEL ESTADO DE SONORA,40,PALOMAS ALAS BLANCAS Y HUILOTA,2814,986,01/09/2022,11/03/2023
2015,REPORTE DE LA FAUNA SILVESTRE DE LA TEMPORADA DE CAZA 2015-2016 DEL ESTADO DE SONORA,41,PATOS Y CERCETAS,495,324,30/10/2014,28/02/2015
2016,REPORTE DE LA FAUNA SILVESTRE DE LA TEMPORADA DE CAZA 2016-2017 DEL ESTADO DE SONORA,41,PATOS Y CERCETAS,608,345,28/10/2015,26/02/2016
2017,REPORTE DE LA FAUNA SILVESTRE DE LA TEMPORADA DE CAZA 2017-2018 DEL ESTADO DE SONORA,41,PATOS Y CERCETAS,758,350,27/10/2016,11/03/2017
2018,REPORTE DE LA FAUNA SILVESTRE DE LA TEMPORADA DE CAZA 2018-2019 DEL ESTADO DE SONORA,41,PATOS Y CERCETAS,519,286,27/10/2017,11/03/2018
2019,REPORTE DE LA FAUNA SILVESTRE DE LA TEMPORADA DE CAZA 2019-2020 DEL ESTADO DE SONORA,41,PATOS Y CERCETAS,542,281,27/10/2018,11/03/2019
2020,REPORTE DE LA FAUNA SILVESTRE DE LA TEMPORADA DE CAZA 2020-2021 DEL ESTADO DE SONORA,41,PATOS Y CERCETAS,509,200,27/10/2019,11/03/2020
2021,REPORTE DE LA FAUNA SILVESTRE DE LA TEMPORADA DE CAZA 2021-2022 DEL ESTADO DE SONORA,41,PATOS Y CERCETAS,630,243,27/10/2020,11/03/2021
2022,REPORTE DE LA FAUNA SILVESTRE DE LA TEMPORADA DE CAZA 2022-2023 DEL ESTADO DE SONORA,41,PATOS Y CERCETAS,630,312,27/10/2021,11/03/2022
2023,REPORTE DE LA FAUNA SILVESTRE DE LA TEMPORADA DE CAZA 2023-2024 DEL ESTADO DE SONORA,41,PATOS Y CERCETAS,436,246,27/10/2022,11/03/2023
2015,REPORTE DE LA FAUNA SILVESTRE DE LA TEMPORADA DE CAZA 2015-2016 DEL ESTADO DE SONORA,42,PUMA,9,7,06/11/2014,07/02/2015
2016,REPORTE DE LA FAUNA SILVESTRE DE LA TEMPORADA DE CAZA 2016-2017 DEL ESTADO DE SONORA,42,PUMA,5,4,25/11/2015,12/02/2016
2017,REPORTE DE LA FAUNA SILVESTRE DE LA TEMPORADA DE CAZA 2017-2018 DEL ESTADO DE SONORA,42,PUMA,16,13,01/12/2016,04/02/2017
2018,REPORTE DE LA FAUNA SILVESTRE DE LA TEMPORADA DE CAZA 2018-2019 DEL ESTADO DE SONORA,42,PUMA,8,5,01/12/2017,04/02/2018
2019,REPORTE DE LA FAUNA SILVESTRE DE LA TEMPORADA DE CAZA 2019-2020 DEL ESTADO DE SONORA,42,PUMA,2,1,01/12/2018,04/02/2019
2020,REPORTE DE LA FAUNA SILVESTRE DE LA TEMPORADA DE CAZA 2020-2021 DEL ESTADO DE SONORA,42,PUMA,0,0,01/12/2019,04/02/2020
2021,REPORTE DE LA FAUNA SILVESTRE DE LA TEMPORADA DE CAZA 2021-2022 DEL ESTADO DE SONORA,42,PUMA,0,0,01/12/2020,04/02/2021
2022,REPORTE DE LA FAUNA SILVESTRE DE LA TEMPORADA DE CAZA 2022-2023 DEL ESTADO DE SONORA,42,PUMA,0,0,01/12/2021,04/02/2022
2023,REPORTE DE LA FAUNA SILVESTRE DE LA TEMPORADA DE CAZA 2023-2024 DEL ESTADO DE SONORA,42,PUMA,0,0,01/12/2022,04/02/2023
2015,REPORTE DE LA FAUNA SILVESTRE DE LA TEMPORADA DE CAZA 2015-2016 DEL ESTADO DE SONORA,43,VENADO BURA,2457,1770,06/11/2014,07/02/2015
2016,REPORTE DE LA FAUNA SILVESTRE DE LA TEMPORADA DE CAZA 2016-2017 DEL ESTADO DE SONORA,43,VENADO BURA,2566,1938,25/11/2015,12/02/2016
2017,REPORTE DE LA FAUNA SILVESTRE DE LA TEMPORADA DE CAZA 2017-2018 DEL ESTADO DE SONORA,43,VENADO BURA,2647,2001,01/12/2016,04/02/2017
2018,REPORTE DE LA FAUNA SILVESTRE DE LA TEMPORADA DE CAZA 2018-2019 DEL ESTADO DE SONORA,43,VENADO BURA,2755,2036,01/12/2017,04/02/2018
2019,REPORTE DE LA FAUNA SILVESTRE DE LA TEMPORADA DE CAZA 2019-2020 DEL ESTADO DE SONORA,43,VENADO BURA,2822,1971,01/12/2018,04/02/2019
2020,REPORTE DE LA FAUNA SILVESTRE DE LA TEMPORADA DE CAZA 2020-2021 DEL ESTADO DE SONORA,43,VENADO BURA,2742,1835,01/12/2019,04/02/2020
2021,REPORTE DE LA FAUNA SILVESTRE DE LA TEMPORADA DE CAZA 2021-2022 DEL ESTADO DE SONORA,43,VENADO BURA,3429,2617,01/12/2020,04/02/2021
2022,REPORTE DE LA FAUNA SILVESTRE DE LA TEMPORADA DE CAZA 2022-2023 DEL ESTADO DE SONORA,43,VENADO BURA,3486,2703,01/12/2021,04/02/2022
2023,REPORTE DE LA FAUNA SILVESTRE DE LA TEMPORADA DE CAZA 2023-2024 DEL ESTADO DE SONORA,43,VENADO BURA,3755,2993,01/12/2022,04/02/2023
2016,REPORTE DE LA FAUNA SILVESTRE DE LA TEMPORADA DE CAZA 2016-2017 DEL ESTADO DE SONORA,44,VENADO BURA HEMBRA -CONF.,0,0,25/11/2015,12/02/2016
2017,REPORTE DE LA FAUNA SILVESTRE DE LA TEMPORADA DE CAZA 2017-2018 DEL ESTADO DE SONORA,44,VENADO BURA HEMBRA - CONFINAMIENTO,70,0,25/11/2016,12/02/2017
2018,REPORTE DE LA FAUNA SILVESTRE DE LA TEMPORADA DE CAZA 2018-2019 DEL ESTADO DE SONORA,44,VENADO BURA HEMBRA - CONFINAMIENTO,0,0,25/11/2017,12/02/2018
2019,REPORTE DE LA FAUNA SILVESTRE DE LA TEMPORADA DE CAZA 2019-2020 DEL ESTADO DE SONORA,44,VENADO BURA HEMBRA - CONFINAMIENTO,0,0,25/11/2018,12/02/2019
2020,REPORTE DE LA FAUNA SILVESTRE DE LA TEMPORADA DE CAZA 2020-2021 DEL ESTADO DE SONORA,44,VENADO BURA HEMBRA - CONFINAMIENTO,0,0,25/11/2019,12/02/2020
2021,REPORTE DE LA FAUNA SILVESTRE DE LA TEMPORADA DE CAZA 2021-2022 DEL ESTADO DE SONORA,44,VENADO BURA HEMBRA - CONFINAMIENTO,0,0,25/11/2020,12/02/2021
2022,REPORTE DE LA FAUNA SILVESTRE DE LA TEMPORADA DE CAZA 2022-2023 DEL ESTADO DE SONORA,44,VENADO BURA HEMBRA - CONFINAMIENTO,0,0,25/11/2021,12/02/2022
2023,REPORTE DE LA FAUNA SILVESTRE DE LA TEMPORADA DE CAZA 2023-2024 DEL ESTADO DE SONORA,44,VENADO BURA HEMBRA - CONFINAMIENTO,0,0,25/11/2022,12/02/2023
2015,REPORTE DE LA FAUNA SILVESTRE DE LA TEMPORADA DE CAZA 2015-2016 DEL ESTADO DE SONORA,45,VENADO BURA-CONFINAMIENTO,377,290,06/11/2014,07/02/2015
2016,REPORTE DE LA FAUNA SILVESTRE DE LA TEMPORADA DE CAZA 2016-2017 DEL ESTADO DE SONORA,45,VENADO BURA-CONFINAMIENTO,388,260,25/11/2015,12/02/2016
2017,REPORTE DE LA FAUNA SILVESTRE DE LA TEMPORADA DE CAZA 2017-2018 DEL ESTADO DE SONORA,45,VENADO BURA-CONFINAMIENTO,459,319,25/11/2016,12/02/2017
2018,REPORTE DE LA FAUNA SILVESTRE DE LA TEMPORADA DE CAZA 2018-2019 DEL ESTADO DE SONORA,45,VENADO BURA-CONFINAMIENTO,584,369,25/11/2017,12/02/2018
2019,REPORTE DE LA FAUNA SILVESTRE DE LA TEMPORADA DE CAZA 2019-2020 DEL ESTADO DE SONORA,45,VENADO BURA-CONFINAMIENTO,636,382,25/11/2018,12/02/2019
2020,REPORTE DE LA FAUNA SILVESTRE DE LA TEMPORADA DE CAZA 2020-2021 DEL ESTADO DE SONORA,45,VENADO BURA-CONFINAMIENTO,671,411,25/11/2019,12/02/2020
2021,REPORTE DE LA FAUNA SILVESTRE DE LA TEMPORADA DE CAZA 2021-2022 DEL ESTADO DE SONORA,45,VENADO BURA-CONFINAMIENTO,0,0,25/11/2020,12/02/2021
2022,REPORTE DE LA FAUNA SILVESTRE DE LA TEMPORADA DE CAZA 2022-2023 DEL ESTADO DE SONORA,45,VENADO BURA-CONFINAMIENTO,0,0,25/11/2021,12/02/2022
2023,REPORTE DE LA FAUNA SILVESTRE DE LA TEMPORADA DE CAZA 2023-2024 DEL ESTADO DE SONORA,45,VENADO BURA-CONFINAMIENTO,0,0,25/11/2022,12/02/2023
2015,REPORTE DE LA FAUNA SILVESTRE DE LA TEMPORADA DE CAZA 2015-2016 DEL ESTADO DE SONORA,46,VENADO COLA BCA -CONFINAMIENTO,61,41,06/11/2014,07/02/2015
2016,REPORTE DE LA FAUNA SILVESTRE DE LA TEMPORADA DE CAZA 2016-2017 DEL ESTADO DE SONORA,46,VENADO COLA BCA -CONFINAMIENTO,79,34,25/11/2015,12/02/2016
2017,REPORTE DE LA FAUNA SILVESTRE DE LA TEMPORADA DE CAZA 2017-2018 DEL ESTADO DE SONORA,46,VENADO COLA BCA -CONFINAMIENTO,64,43,25/11/2016,12/02/2017
2018,REPORTE DE LA FAUNA SILVESTRE DE LA TEMPORADA DE CAZA 2018-2019 DEL ESTADO DE SONORA,46,VENADO COLA BCA -CONFINAMIENTO,65,33,25/11/2017,12/02/2018
2019,REPORTE DE LA FAUNA SILVESTRE DE LA TEMPORADA DE CAZA 2019-2020 DEL ESTADO DE SONORA,46,VENADO COLA BCA -CONFINAMIENTO,87,45,25/11/2018,12/02/2019
2020,REPORTE DE LA FAUNA SILVESTRE DE LA TEMPORADA DE CAZA 2020-2021 DEL ESTADO DE SONORA,46,VENADO COLA BCA -CONFINAMIENTO,102,42,25/11/2019,12/02/2020
2021,REPORTE DE LA FAUNA SILVESTRE DE LA TEMPORADA DE CAZA 2021-2022 DEL ESTADO DE SONORA,46,VENADO COLA BCA -CONFINAMIENTO,0,0,25/11/2020,12/02/2021
2022,REPORTE DE LA FAUNA SILVESTRE DE LA TEMPORADA DE CAZA 2022-2023 DEL ESTADO DE SONORA,46,VENADO COLA BCA -CONFINAMIENTO,0,0,25/11/2021,12/02/2022
2023,REPORTE DE LA FAUNA SILVESTRE DE LA TEMPORADA DE CAZA 2023-2024 DEL ESTADO DE SONORA,46,VENADO COLA BCA -CONFINAMIENTO,0,0,25/11/2022,12/02/2023
2015,REPORTE DE LA FAUNA SILVESTRE DE LA TEMPORADA DE CAZA 2015-2016 DEL ESTADO DE SONORA,47,VENADO COLA BLANCA,4850,3047,06/11/2014,07/02/2015
2016,REPORTE DE LA FAUNA SILVESTRE DE LA TEMPORADA DE CAZA 2016-2017 DEL ESTADO DE SONORA,47,VENADO COLA BLANCA,5116,3152,25/11/2015,12/02/2016
2017,REPORTE DE LA FAUNA SILVESTRE DE LA TEMPORADA DE CAZA 2017-2018 DEL ESTADO DE SONORA,47,VENADO COLA BLANCA,5271,3208,01/12/2016,04/02/2017
2018,REPORTE DE LA FAUNA SILVESTRE DE LA TEMPORADA DE CAZA 2018-2019 DEL ESTADO DE SONORA,47,VENADO COLA BLANCA,5693,3409,01/12/2017,04/02/2018
2019,REPORTE DE LA FAUNA SILVESTRE DE LA TEMPORADA DE CAZA 2019-2020 DEL ESTADO DE SONORA,47,VENADO COLA BLANCA,5876,3298,01/12/2018,04/02/2019
2020,REPORTE DE LA FAUNA SILVESTRE DE LA TEMPORADA DE CAZA 2020-2021 DEL ESTADO DE SONORA,47,VENADO COLA BLANCA,5734,2996,01/12/2019,04/02/2020
2021,REPORTE DE LA FAUNA SILVESTRE DE LA TEMPORADA DE CAZA 2021-2022 DEL ESTADO DE SONORA,47,VENADO COLA BLANCA,5768,3375,01/12/2020,04/02/2021
2022,REPORTE DE LA FAUNA SILVESTRE DE LA TEMPORADA DE CAZA 2022-2023 DEL ESTADO DE SONORA,47,VENADO COLA BLANCA,5795,3394,01/12/2021,04/02/2022
2023,REPORTE DE LA FAUNA SILVESTRE DE LA TEMPORADA DE CAZA 2023-2024 DEL ESTADO DE SONORA,47,VENADO COLA BLANCA,5707,3769,01/12/2022,04/02/2023
2015,REPORTE DE LA FAUNA SILVESTRE DE LA TEMPORADA DE CAZA 2015-2016 DEL ESTADO DE SONORA,48,ZORRA GRIS,2,2,06/11/2014,07/02/2015
2016,REPORTE DE LA FAUNA SILVESTRE DE LA TEMPORADA DE CAZA 2016-2017 DEL ESTADO DE SONORA,48,ZORRA GRIS,2,1,01/12/2015,04/02/2016
2017,REPORTE DE LA FAUNA SILVESTRE DE LA TEMPORADA DE CAZA 2017-2018 DEL ESTADO DE SONORA,48,ZORRA GRIS,6,6,01/12/2016,04/02/2017
2018,REPORTE DE LA FAUNA SILVESTRE DE LA TEMPORADA DE CAZA 2018-2019 DEL ESTADO DE SONORA,48,ZORRA GRIS,7,3,01/12/2017,04/02/2018
2019,REPORTE DE LA FAUNA SILVESTRE DE LA TEMPORADA DE CAZA 2019-2020 DEL ESTADO DE SONORA,48,ZORRA GRIS,5,2,01/12/2018,04/02/2019
2020,REPORTE DE LA FAUNA SILVESTRE DE LA TEMPORADA DE CAZA 2020-2021 DEL ESTADO DE SONORA,48,ZORRA GRIS,4,0,01/12/2019,04/02/2020
2021,REPORTE DE LA FAUNA SILVESTRE DE LA TEMPORADA DE CAZA 2021-2022 DEL ESTADO DE SONORA,48,ZORRA GRIS,0,0,01/12/2020,04/02/2021
2022,REPORTE DE LA FAUNA SILVESTRE DE LA TEMPORADA DE CAZA 2022-2023 DEL ESTADO DE SONORA,48,ZORRA GRIS,0,0,01/12/2021,04/02/2022
2023,REPORTE DE LA FAUNA SILVESTRE DE LA TEMPORADA DE CAZA 2023-2024 DEL ESTADO DE SONORA,48,ZORRA GRIS,11,3,01/12/2022,04/02/2023
2017,REPORTE DE LA FAUNA SILVESTRE DE LA TEMPORADA DE CAZA 2017-2018 DEL ESTADO DE SONORA,50,MAPACHE,2,0,01/12/2017,04/02/2018
2018,REPORTE DE LA FAUNA SILVESTRE DE LA TEMPORADA DE CAZA 2018-2019 DEL ESTADO DE SONORA,50,MAPACHE,2,0,01/12/2018,04/02/2019
2019,REPORTE DE LA FAUNA SILVESTRE DE LA TEMPORADA DE CAZA 2019-2020 DEL ESTADO DE SONORA,50,MAPACHE,2,0,01/12/2019,04/02/2020
2020,REPORTE DE LA FAUNA SILVESTRE DE LA TEMPORADA DE CAZA 2020-2021 DEL ESTADO DE SONORA,50,MAPACHE,0,0,01/12/2020,04/02/2021
2021,REPORTE DE LA FAUNA SILVESTRE DE LA TEMPORADA DE CAZA 2021-2022 DEL ESTADO DE SONORA,50,MAPACHE,0,0,01/12/2021,04/02/2022
2022,REPORTE DE LA FAUNA SILVESTRE DE LA TEMPORADA DE CAZA 2022-2023 DEL ESTADO DE SONORA,50,MAPACHE,0,0,01/12/2022,04/02/2023
